id_publico,fecha,modelo,intentos,entrada_tokens,salida_tokens,total_tokens,estado_conciliacion,cargo_comunicado,moneda,naturaleza_importe
SV-ECO-20261008-001,2026-10-06,gpt-6-astra,2,49,12,61,pendiente,,,no_comunicado
SV-ECO-20261008-002,2026-10-06,gpt-6-astra,1,49,12,61,pendiente,,,no_comunicado
SV-ECO-20261008-003,2026-10-06,gpt-6-astra,1,584,605,1189,pendiente,,,no_comunicado
SV-ECO-20261008-004,2026-10-07,gpt-6-astra,1,2018,186,2204,pendiente,,,no_comunicado
SV-ECO-20261008-005,2026-10-07,gpt-6-astra,1,2020,201,2221,pendiente,,,no_comunicado
SV-ECO-20261008-006,2026-10-07,gpt-6-astra,1,2013,187,2200,pendiente,,,no_comunicado
SV-ECO-20261008-007,2026-10-07,gpt-6-astra,1,2024,209,2233,pendiente,,,no_comunicado
SV-ECO-20261008-008,2026-10-07,gpt-6-astra,1,2032,217,2249,pendiente,,,no_comunicado
SV-ECO-20261008-009,2026-10-07,gpt-6-astra,1,2011,195,2206,pendiente,,,no_comunicado
SV-ECO-20261008-010,2026-10-07,gpt-6-astra,1,2024,184,2208,pendiente,,,no_comunicado
SV-ECO-20261008-011,2026-10-07,gpt-6-astra,1,2039,245,2284,pendiente,,,no_comunicado
SV-ECO-20261008-012,2026-10-07,gpt-6-astra,1,2032,214,2246,pendiente,,,no_comunicado
SV-ECO-20261008-013,2026-10-07,gpt-6-astra,1,5228,844,6072,pendiente,,,no_comunicado
SV-ECO-20261008-014,2026-10-07,gpt-6-astra,1,2844,791,3635,pendiente,,,no_comunicado
SV-ECO-20261008-015,2026-10-07,gpt-6-astra,1,2812,458,3270,pendiente,,,no_comunicado
SV-ECO-20261008-016,2026-10-07,gpt-6-astra,1,2845,742,3587,pendiente,,,no_comunicado
SV-ECO-20261008-017,2026-10-07,gpt-6-astra,1,2840,1312,4152,pendiente,,,no_comunicado
SV-ECO-20261008-018,2026-10-07,gpt-6-astra,1,2913,756,3669,pendiente,,,no_comunicado
SV-ECO-20261008-019,2026-10-07,gpt-6-astra,1,5228,701,5929,pendiente,,,no_comunicado
SV-ECO-20261008-020,2026-10-07,gpt-6-astra,1,2934,935,3869,pendiente,,,no_comunicado
SV-ECO-20261008-021,2026-10-07,gpt-6-astra,1,5279,955,6234,pendiente,,,no_comunicado
SV-ECO-20261008-022,2026-10-07,gpt-6-astra,1,2922,858,3780,pendiente,,,no_comunicado
SV-ECO-20261008-023,2026-10-07,gpt-6-astra,1,3354,708,4062,pendiente,,,no_comunicado
SV-ECO-20261008-024,2026-10-07,gpt-6-astra,1,4160,819,4979,pendiente,,,no_comunicado
SV-ECO-20261008-025,2026-10-07,gpt-6-astra,1,4997,814,5811,pendiente,,,no_comunicado
SV-ECO-20261008-026,2026-10-07,gpt-6-astra,1,3322,752,4074,pendiente,,,no_comunicado
SV-ECO-20261008-027,2026-10-07,gpt-6-astra,1,4172,858,5030,pendiente,,,no_comunicado
SV-ECO-20261008-028,2026-10-07,gpt-6-astra,1,5048,844,5892,pendiente,,,no_comunicado
SV-ECO-20261008-029,2026-10-07,gpt-6-astra,1,3355,783,4138,pendiente,,,no_comunicado
SV-ECO-20261008-030,2026-10-07,gpt-6-astra,1,4236,1035,5271,pendiente,,,no_comunicado
SV-ECO-20261008-031,2026-10-07,gpt-6-astra,1,5289,1008,6297,pendiente,,,no_comunicado
SV-ECO-20261008-032,2026-10-07,gpt-6-astra,1,3350,1226,4576,pendiente,,,no_comunicado
SV-ECO-20261008-033,2026-10-07,gpt-6-astra,1,4674,1547,6221,pendiente,,,no_comunicado
SV-ECO-20261008-034,2026-10-07,gpt-6-astra,1,6239,1531,7770,pendiente,,,no_comunicado
SV-ECO-20261008-035,2026-10-07,gpt-6-astra,1,3423,869,4292,pendiente,,,no_comunicado
SV-ECO-20261008-036,2026-10-07,gpt-6-astra,1,4390,1041,5431,pendiente,,,no_comunicado
SV-ECO-20261008-037,2026-10-07,gpt-6-astra,1,5449,1024,6473,pendiente,,,no_comunicado
SV-ECO-20261008-038,2026-10-07,gpt-6-astra,1,5738,1076,6814,pendiente,,,no_comunicado
SV-ECO-20261008-039,2026-10-07,gpt-6-astra,1,6912,1217,8129,pendiente,,,no_comunicado
SV-ECO-20261008-040,2026-10-07,gpt-6-astra,1,8147,1197,9344,pendiente,,,no_comunicado
SV-ECO-20261008-041,2026-10-07,gpt-6-astra,1,3444,884,4328,pendiente,,,no_comunicado
SV-ECO-20261008-042,2026-10-07,gpt-6-astra,1,4426,1007,5433,pendiente,,,no_comunicado
SV-ECO-20261008-043,2026-10-07,gpt-6-astra,1,5451,1002,6453,pendiente,,,no_comunicado
SV-ECO-20261008-044,2026-10-07,gpt-6-astra,1,5789,1596,7385,pendiente,,,no_comunicado
SV-ECO-20261008-045,2026-10-07,gpt-6-astra,1,7483,1903,9386,pendiente,,,no_comunicado
SV-ECO-20261008-046,2026-10-07,gpt-6-astra,1,9404,1758,11162,pendiente,,,no_comunicado
SV-ECO-20261008-047,2026-10-07,gpt-6-astra,1,3432,747,4179,pendiente,,,no_comunicado
SV-ECO-20261008-048,2026-10-07,gpt-6-astra,1,4277,907,5184,pendiente,,,no_comunicado
SV-ECO-20261008-049,2026-10-07,gpt-6-astra,1,5174,834,6008,pendiente,,,no_comunicado
SV-ECO-20261008-050,2026-10-07,gpt-6-astra,1,,,,pendiente,,,no_comunicado
SV-ECO-20261008-051,2026-10-07,gpt-6-astra,1,3604,256,3860,pendiente,,,no_comunicado
SV-ECO-20261008-052,2026-10-07,gpt-6-astra,1,3958,309,4267,pendiente,,,no_comunicado
SV-ECO-20261008-053,2026-10-07,gpt-6-astra,1,4285,310,4595,pendiente,,,no_comunicado
SV-ECO-20261008-054,2026-10-07,gpt-6-astra,1,3600,321,3921,pendiente,,,no_comunicado
SV-ECO-20261008-055,2026-10-07,gpt-6-astra,1,4019,385,4404,pendiente,,,no_comunicado
SV-ECO-20261008-056,2026-10-07,gpt-6-astra,1,4422,360,4782,pendiente,,,no_comunicado
SV-ECO-20261008-057,2026-10-07,gpt-6-astra,1,1156,283,1439,pendiente,,,no_comunicado
SV-ECO-20261008-058,2026-10-07,gpt-6-astra,1,1537,341,1878,pendiente,,,no_comunicado
SV-ECO-20261008-059,2026-10-07,gpt-6-astra,1,1896,354,2250,pendiente,,,no_comunicado
SV-ECO-20261008-060,2026-10-07,gpt-6-astra,1,16766,435,17201,pendiente,,,no_comunicado
SV-ECO-20261008-061,2026-10-07,gpt-6-astra,1,17299,644,17943,pendiente,,,no_comunicado
SV-ECO-20261008-062,2026-10-07,gpt-6-astra,1,17961,591,18552,pendiente,,,no_comunicado
SV-ECO-20261008-063,2026-10-07,gpt-6-astra,1,3595,215,3810,pendiente,,,no_comunicado
SV-ECO-20261008-064,2026-10-07,gpt-6-astra,1,3908,277,4185,pendiente,,,no_comunicado
SV-ECO-20261008-065,2026-10-07,gpt-6-astra,1,4203,273,4476,pendiente,,,no_comunicado
SV-ECO-20261008-066,2026-10-07,gpt-6-astra,1,3613,450,4063,pendiente,,,no_comunicado
SV-ECO-20261008-067,2026-10-07,gpt-6-astra,1,4161,543,4704,pendiente,,,no_comunicado
SV-ECO-20261008-068,2026-10-07,gpt-6-astra,1,4722,526,5248,pendiente,,,no_comunicado
SV-ECO-20261008-069,2026-10-07,gpt-6-astra,1,3615,434,4049,pendiente,,,no_comunicado
SV-ECO-20261008-070,2026-10-07,gpt-6-astra,1,4147,571,4718,pendiente,,,no_comunicado
SV-ECO-20261008-071,2026-10-07,gpt-6-astra,1,4736,569,5305,pendiente,,,no_comunicado
SV-ECO-20261008-072,2026-10-07,gpt-6-astra,1,16762,312,17074,pendiente,,,no_comunicado
SV-ECO-20261008-073,2026-10-07,gpt-6-astra,1,17172,490,17662,pendiente,,,no_comunicado
SV-ECO-20261008-074,2026-10-07,gpt-6-astra,1,17680,474,18154,pendiente,,,no_comunicado
SV-ECO-20261008-075,2026-10-07,gpt-6-astra,1,16772,337,17109,pendiente,,,no_comunicado
SV-ECO-20261008-076,2026-10-07,gpt-6-astra,1,17207,409,17616,pendiente,,,no_comunicado
SV-ECO-20261008-077,2026-10-07,gpt-6-astra,1,17634,398,18032,pendiente,,,no_comunicado
SV-ECO-20261008-078,2026-10-07,gpt-6-astra,1,3603,252,3855,pendiente,,,no_comunicado
SV-ECO-20261008-079,2026-10-07,gpt-6-astra,1,3953,323,4276,pendiente,,,no_comunicado
SV-ECO-20261008-080,2026-10-07,gpt-6-astra,1,4294,296,4590,pendiente,,,no_comunicado
SV-ECO-20261008-081,2026-10-07,gpt-6-astra,1,16776,501,17277,pendiente,,,no_comunicado
SV-ECO-20261008-082,2026-10-07,gpt-6-astra,1,17375,597,17972,pendiente,,,no_comunicado
SV-ECO-20261008-083,2026-10-07,gpt-6-astra,1,17990,593,18583,pendiente,,,no_comunicado
SV-ECO-20261008-084,2026-10-07,gpt-6-astra,1,3624,511,4135,pendiente,,,no_comunicado
SV-ECO-20261008-085,2026-10-07,gpt-6-astra,1,4233,594,4827,pendiente,,,no_comunicado
SV-ECO-20261008-086,2026-10-07,gpt-6-astra,1,4845,572,5417,pendiente,,,no_comunicado
SV-ECO-20261008-087,2026-10-07,gpt-6-astra,1,16783,316,17099,pendiente,,,no_comunicado
SV-ECO-20261008-088,2026-10-07,gpt-6-astra,1,17197,390,17587,pendiente,,,no_comunicado
SV-ECO-20261008-089,2026-10-07,gpt-6-astra,1,17605,387,17992,pendiente,,,no_comunicado
SV-ECO-20261008-090,2026-10-07,gpt-6-astra,1,16772,386,17158,pendiente,,,no_comunicado
SV-ECO-20261008-091,2026-10-07,gpt-6-astra,1,17256,469,17725,pendiente,,,no_comunicado
SV-ECO-20261008-092,2026-10-07,gpt-6-astra,1,17743,445,18188,pendiente,,,no_comunicado
SV-ECO-20261008-093,2026-10-07,gpt-6-astra,1,,,,pendiente,,,no_comunicado
SV-ECO-20261008-094,2026-10-07,gpt-6-astra,1,16781,541,17322,pendiente,,,no_comunicado
SV-ECO-20261008-095,2026-10-07,gpt-6-astra,1,17420,692,18112,pendiente,,,no_comunicado
SV-ECO-20261008-096,2026-10-07,gpt-6-astra,1,18130,687,18817,pendiente,,,no_comunicado
SV-ECO-20261008-097,2026-10-07,gpt-6-astra,1,16795,544,17339,pendiente,,,no_comunicado
SV-ECO-20261008-098,2026-10-07,gpt-6-astra,1,17437,651,18088,pendiente,,,no_comunicado
SV-ECO-20261008-099,2026-10-07,gpt-6-astra,1,18106,638,18744,pendiente,,,no_comunicado
SV-ECO-20261008-100,2026-10-07,gpt-6-astra,1,16781,489,17270,pendiente,,,no_comunicado
SV-ECO-20261008-101,2026-10-07,gpt-6-astra,1,17368,560,17928,pendiente,,,no_comunicado
SV-ECO-20261008-102,2026-10-07,gpt-6-astra,1,17946,553,18499,pendiente,,,no_comunicado
SV-ECO-20261008-103,2026-10-07,gpt-6-astra,1,16769,532,17301,pendiente,,,no_comunicado
SV-ECO-20261008-104,2026-10-07,gpt-6-astra,1,17399,624,18023,pendiente,,,no_comunicado
SV-ECO-20261008-105,2026-10-07,gpt-6-astra,1,18041,628,18669,pendiente,,,no_comunicado
SV-ECO-20261008-106,2026-10-07,gpt-6-astra,1,16750,280,17030,pendiente,,,no_comunicado
SV-ECO-20261008-107,2026-10-07,gpt-6-astra,1,17128,339,17467,pendiente,,,no_comunicado
SV-ECO-20261008-108,2026-10-07,gpt-6-astra,1,17485,332,17817,pendiente,,,no_comunicado
SV-ECO-20261008-109,2026-10-07,gpt-6-astra,1,16783,691,17474,pendiente,,,no_comunicado
SV-ECO-20261008-110,2026-10-07,gpt-6-astra,1,17572,845,18417,pendiente,,,no_comunicado
SV-ECO-20261008-111,2026-10-07,gpt-6-astra,1,18435,841,19276,pendiente,,,no_comunicado
SV-ECO-20261008-112,2026-10-07,gpt-6-astra,1,3631,494,4125,pendiente,,,no_comunicado
SV-ECO-20261008-113,2026-10-07,gpt-6-astra,1,4223,692,4915,pendiente,,,no_comunicado
SV-ECO-20261008-114,2026-10-07,gpt-6-astra,1,4933,672,5605,pendiente,,,no_comunicado
SV-ECO-20261008-115,2026-10-07,gpt-6-astra,1,16784,551,17335,pendiente,,,no_comunicado
SV-ECO-20261008-116,2026-10-07,gpt-6-astra,1,17433,780,18213,pendiente,,,no_comunicado
SV-ECO-20261008-117,2026-10-07,gpt-6-astra,1,18231,812,19043,pendiente,,,no_comunicado
SV-ECO-20261008-118,2026-10-07,gpt-6-astra,1,2986,404,3390,pendiente,,,no_comunicado
SV-ECO-20261008-119,2026-10-07,gpt-6-astra,1,3488,501,3989,pendiente,,,no_comunicado
SV-ECO-20261008-120,2026-10-07,gpt-6-astra,1,4007,487,4494,pendiente,,,no_comunicado
SV-ECO-20261008-121,2026-10-07,gpt-6-astra,1,1421,383,1804,pendiente,,,no_comunicado
SV-ECO-20261008-122,2026-10-07,gpt-6-astra,1,1902,429,2331,pendiente,,,no_comunicado
SV-ECO-20261008-123,2026-10-07,gpt-6-astra,1,2349,433,2782,pendiente,,,no_comunicado
SV-ECO-20261008-124,2026-10-07,gpt-6-astra,1,3607,322,3929,pendiente,,,no_comunicado
SV-ECO-20261008-125,2026-10-07,gpt-6-astra,1,4027,371,4398,pendiente,,,no_comunicado
SV-ECO-20261008-126,2026-10-07,gpt-6-astra,1,4416,358,4774,pendiente,,,no_comunicado
SV-ECO-20261008-127,2026-10-08,gpt-6-astra,1,18230,898,19128,pendiente,,,no_comunicado
SV-ECO-20261008-128,2026-10-08,gpt-6-astra,1,19226,1457,20683,pendiente,,,no_comunicado
SV-ECO-20261008-129,2026-10-08,gpt-6-astra,1,20701,1431,22132,pendiente,,,no_comunicado
SV-ECO-20261008-130,2026-10-08,gpt-6-astra,1,18236,937,19173,pendiente,,,no_comunicado
SV-ECO-20261008-131,2026-10-08,gpt-6-astra,1,19271,1241,20512,pendiente,,,no_comunicado
SV-ECO-20261008-132,2026-10-08,gpt-6-astra,1,20530,1211,21741,pendiente,,,no_comunicado
SV-ECO-20261008-133,2026-10-08,gpt-6-astra,1,18254,765,19019,pendiente,,,no_comunicado
SV-ECO-20261008-134,2026-10-08,gpt-6-astra,1,19117,988,20105,pendiente,,,no_comunicado
SV-ECO-20261008-135,2026-10-08,gpt-6-astra,1,20123,973,21096,pendiente,,,no_comunicado
SV-ECO-20261008-136,2026-10-08,gpt-6-astra,1,18236,1040,19276,pendiente,,,no_comunicado
SV-ECO-20261008-137,2026-10-08,gpt-6-astra,1,19374,1267,20641,pendiente,,,no_comunicado
SV-ECO-20261008-138,2026-10-08,gpt-6-astra,1,20659,1239,21898,pendiente,,,no_comunicado
SV-ECO-20261008-139,2026-10-08,gpt-6-astra,1,18262,818,19080,pendiente,,,no_comunicado
SV-ECO-20261008-140,2026-10-08,gpt-6-astra,1,19178,1008,20186,pendiente,,,no_comunicado
SV-ECO-20261008-141,2026-10-08,gpt-6-astra,1,20204,981,21185,pendiente,,,no_comunicado
SV-ECO-20261008-142,2026-10-08,gpt-6-astra,1,18233,333,18566,pendiente,,,no_comunicado
SV-ECO-20261008-143,2026-10-08,gpt-6-astra,1,18664,382,19046,pendiente,,,no_comunicado
SV-ECO-20261008-144,2026-10-08,gpt-6-astra,1,19064,377,19441,pendiente,,,no_comunicado
SV-ECO-20261008-145,2026-10-08,gpt-6-astra,1,18248,647,18895,pendiente,,,no_comunicado
SV-ECO-20261008-146,2026-10-08,gpt-6-astra,1,18993,854,19847,pendiente,,,no_comunicado
SV-ECO-20261008-147,2026-10-08,gpt-6-astra,1,19865,839,20704,pendiente,,,no_comunicado
SV-ECO-20261008-148,2026-10-08,gpt-6-astra,1,18237,658,18895,pendiente,,,no_comunicado
SV-ECO-20261008-149,2026-10-08,gpt-6-astra,1,18993,919,19912,pendiente,,,no_comunicado
SV-ECO-20261008-150,2026-10-08,gpt-6-astra,1,19930,905,20835,pendiente,,,no_comunicado
SV-ECO-20261008-151,2026-10-08,gpt-6-astra,1,18254,540,18794,pendiente,,,no_comunicado
SV-ECO-20261008-152,2026-10-08,gpt-6-astra,1,18892,664,19556,pendiente,,,no_comunicado
SV-ECO-20261008-153,2026-10-08,gpt-6-astra,1,19574,616,20190,pendiente,,,no_comunicado
SV-ECO-20261008-154,2026-10-08,gpt-6-astra,1,18348,1028,19376,pendiente,,,no_comunicado
SV-ECO-20261008-155,2026-10-08,gpt-6-astra,1,20165,1645,21810,pendiente,,,no_comunicado
SV-ECO-20261008-156,2026-10-08,gpt-6-astra,1,22597,1762,24359,pendiente,,,no_comunicado
SV-ECO-20261008-157,2026-10-08,grok-4.7,1,,,,pendiente,,USD,no_comunicado
SV-ECO-20261008-158,2026-10-08,grok-4.7,1,1566,143,1709,parcial,0.0022620000,USD,importe_comunicado_no_factura
SV-ECO-20261008-159,2026-10-08,grok-4.7,1,5413,3115,8528,parcial,0.0277880000,USD,importe_comunicado_no_factura
SV-ECO-20261008-160,2026-10-08,grok-4.7,1,6580,2602,9182,parcial,0.0270440000,USD,importe_comunicado_no_factura
SV-ECO-20261008-161,2026-10-08,grok-4.7,1,7764,2857,10621,parcial,0.0309420000,USD,importe_comunicado_no_factura
SV-ECO-20261008-162,2026-10-08,grok-4.7,1,5409,1460,6869,parcial,0.0178500000,USD,importe_comunicado_no_factura
SV-ECO-20261008-163,2026-10-08,grok-4.7,1,6655,3297,9952,parcial,0.0313640000,USD,importe_comunicado_no_factura
SV-ECO-20261008-164,2026-10-08,grok-4.7,1,7908,2999,10907,parcial,0.0320820000,USD,importe_comunicado_no_factura
SV-ECO-20261008-165,2026-10-08,grok-4.7,1,2827,596,3423,parcial,0.0075020000,USD,importe_comunicado_no_factura
SV-ECO-20261008-166,2026-10-08,grok-4.7,1,3855,1744,5599,parcial,0.0164460000,USD,importe_comunicado_no_factura
SV-ECO-20261008-167,2026-10-08,grok-4.7,1,4915,380,5295,parcial,0.0103820000,USD,importe_comunicado_no_factura
SV-ECO-20261008-168,2026-10-08,grok-4.7,1,19312,2226,21538,parcial,0.0502520000,USD,importe_comunicado_no_factura
SV-ECO-20261008-169,2026-10-08,grok-4.7,1,20570,2695,23265,parcial,0.0555820000,USD,importe_comunicado_no_factura
SV-ECO-20261008-170,2026-10-08,grok-4.7,1,21921,1452,23373,parcial,0.0508260000,USD,importe_comunicado_no_factura
SV-ECO-20261008-171,2026-10-08,grok-4.7,1,5403,714,6117,parcial,0.0133620000,USD,importe_comunicado_no_factura
SV-ECO-20261008-172,2026-10-08,grok-4.7,1,6443,1552,7995,parcial,0.0204700000,USD,importe_comunicado_no_factura
SV-ECO-20261008-173,2026-10-08,grok-4.7,1,7525,641,8166,parcial,0.0171680000,USD,importe_comunicado_no_factura
SV-ECO-20261008-174,2026-10-08,grok-4.7,1,5423,2818,8241,parcial,0.0260260000,USD,importe_comunicado_no_factura
SV-ECO-20261008-175,2026-10-08,grok-4.7,1,6635,3305,9940,parcial,0.0313720000,USD,importe_comunicado_no_factura
SV-ECO-20261008-176,2026-10-08,grok-4.7,1,7940,2663,10603,parcial,0.0301300000,USD,importe_comunicado_no_factura
SV-ECO-20261008-177,2026-10-08,grok-4.7,1,5427,2343,7770,parcial,0.0231840000,USD,importe_comunicado_no_factura
SV-ECO-20261008-178,2026-10-08,grok-4.7,1,6631,3474,10105,parcial,0.0323780000,USD,importe_comunicado_no_factura
SV-ECO-20261008-179,2026-10-08,grok-4.7,1,7907,3500,11407,parcial,0.0350860000,USD,importe_comunicado_no_factura
SV-ECO-20261008-180,2026-10-08,grok-4.7,1,19306,1877,21183,parcial,0.0481460000,USD,importe_comunicado_no_factura
SV-ECO-20261008-181,2026-10-08,grok-4.7,1,20592,7219,27811,parcial,0.0827700000,USD,importe_comunicado_no_factura
SV-ECO-20261008-182,2026-10-08,grok-4.7,1,22098,4421,26519,parcial,0.0689940000,USD,importe_comunicado_no_factura
SV-ECO-20261008-183,2026-10-08,grok-4.7,1,19316,4833,24149,parcial,0.0659020000,USD,importe_comunicado_no_factura
SV-ECO-20261008-184,2026-10-08,grok-4.7,1,20507,5084,25591,parcial,0.0697900000,USD,importe_comunicado_no_factura
SV-ECO-20261008-185,2026-10-08,grok-4.7,1,21862,2311,24173,parcial,0.0558620000,USD,importe_comunicado_no_factura
SV-ECO-20261008-186,2026-10-08,grok-4.7,1,5412,1753,7165,parcial,0.0196140000,USD,importe_comunicado_no_factura
SV-ECO-20261008-187,2026-10-08,grok-4.7,1,6478,2803,9281,parcial,0.0280460000,USD,importe_comunicado_no_factura
SV-ECO-20261008-188,2026-10-08,grok-4.7,1,7659,2552,10211,parcial,0.0289020000,USD,importe_comunicado_no_factura
SV-ECO-20261008-189,2026-10-08,grok-4.7,1,19321,1738,21059,parcial,0.0469580000,USD,importe_comunicado_no_factura
SV-ECO-20261008-190,2026-10-08,grok-4.7,1,20703,3558,24261,parcial,0.0610260000,USD,importe_comunicado_no_factura
SV-ECO-20261008-191,2026-10-08,grok-4.7,1,22213,3406,25619,parcial,0.0631340000,USD,importe_comunicado_no_factura
SV-ECO-20261008-192,2026-10-08,grok-4.7,1,5432,2984,8416,parcial,0.0270400000,USD,importe_comunicado_no_factura
SV-ECO-20261008-193,2026-10-08,grok-4.7,1,6701,4259,10960,parcial,0.0372280000,USD,importe_comunicado_no_factura
SV-ECO-20261008-194,2026-10-08,grok-4.7,1,8088,1788,9876,parcial,0.0251760000,USD,importe_comunicado_no_factura
SV-ECO-20261008-195,2026-10-08,grok-4.7,1,19329,1838,21167,parcial,0.0475740000,USD,importe_comunicado_no_factura
SV-ECO-20261008-196,2026-10-08,grok-4.7,1,20557,9396,29953,parcial,0.0957620000,USD,importe_comunicado_no_factura
SV-ECO-20261008-197,2026-10-08,grok-4.7,1,21976,4667,26643,parcial,0.0702260000,USD,importe_comunicado_no_factura
SV-ECO-20261008-198,2026-10-08,grok-4.7,1,19318,3599,22917,parcial,0.0585020000,USD,importe_comunicado_no_factura
SV-ECO-20261008-199,2026-10-08,grok-4.7,1,20673,2816,23489,parcial,0.0565140000,USD,importe_comunicado_no_factura
SV-ECO-20261008-200,2026-10-08,grok-4.7,1,22039,2221,24260,parcial,0.0556760000,USD,importe_comunicado_no_factura
SV-ECO-20261008-201,2026-10-08,grok-4.7,1,5415,1792,7207,parcial,0.0198540000,USD,importe_comunicado_no_factura
SV-ECO-20261008-202,2026-10-08,grok-4.7,1,6608,2876,9484,parcial,0.0287440000,USD,importe_comunicado_no_factura
SV-ECO-20261008-203,2026-10-08,grok-4.7,1,7898,1016,8914,parcial,0.0197800000,USD,importe_comunicado_no_factura
SV-ECO-20261008-204,2026-10-08,grok-4.7,1,19323,3025,22348,parcial,0.0550680000,USD,importe_comunicado_no_factura
SV-ECO-20261008-205,2026-10-08,grok-4.7,1,20641,4797,25438,parcial,0.0683360000,USD,importe_comunicado_no_factura
SV-ECO-20261008-206,2026-10-08,grok-4.7,1,22036,2654,24690,parcial,0.0582680000,USD,importe_comunicado_no_factura
SV-ECO-20261008-207,2026-10-08,grok-4.7,1,19333,2603,21936,parcial,0.0525560000,USD,importe_comunicado_no_factura
SV-ECO-20261008-208,2026-10-08,grok-4.7,1,20678,2834,23512,parcial,0.0566320000,USD,importe_comunicado_no_factura
SV-ECO-20261008-209,2026-10-08,grok-4.7,1,22068,1923,23991,parcial,0.0539460000,USD,importe_comunicado_no_factura
SV-ECO-20261008-210,2026-10-08,grok-4.7,1,19322,1858,21180,parcial,0.0480640000,USD,importe_comunicado_no_factura
SV-ECO-20261008-211,2026-10-08,grok-4.7,1,20529,3151,23680,parcial,0.0582360000,USD,importe_comunicado_no_factura
SV-ECO-20261008-212,2026-10-08,grok-4.7,1,21876,3432,25308,parcial,0.0622320000,USD,importe_comunicado_no_factura
SV-ECO-20261008-213,2026-10-08,grok-4.7,1,19315,2658,21973,parcial,0.0528500000,USD,importe_comunicado_no_factura
SV-ECO-20261008-214,2026-10-08,grok-4.7,1,20671,3441,24112,parcial,0.0602600000,USD,importe_comunicado_no_factura
SV-ECO-20261008-215,2026-10-08,grok-4.7,1,22245,3000,25245,parcial,0.0607620000,USD,importe_comunicado_no_factura
SV-ECO-20261008-216,2026-10-08,grok-4.7,1,19297,1913,21210,parcial,0.0483440000,USD,importe_comunicado_no_factura
SV-ECO-20261008-217,2026-10-08,grok-4.7,1,20415,1754,22169,parcial,0.0496260000,USD,importe_comunicado_no_factura
SV-ECO-20261008-218,2026-10-08,grok-4.7,1,21615,1489,23104,parcial,0.0500520000,USD,importe_comunicado_no_factura
SV-ECO-20261008-219,2026-10-08,grok-4.7,1,19322,6527,25849,parcial,0.0760780000,USD,importe_comunicado_no_factura
SV-ECO-20261008-220,2026-10-08,grok-4.7,1,21011,5960,26971,parcial,0.0760540000,USD,importe_comunicado_no_factura
SV-ECO-20261008-221,2026-10-08,grok-4.7,1,22771,2545,25316,parcial,0.0590840000,USD,importe_comunicado_no_factura
SV-ECO-20261008-222,2026-10-08,grok-4.7,1,5441,4427,9868,parcial,0.0357160000,USD,importe_comunicado_no_factura
SV-ECO-20261008-223,2026-10-08,grok-4.7,1,7024,5482,12506,parcial,0.0452120000,USD,importe_comunicado_no_factura
SV-ECO-20261008-224,2026-10-08,grok-4.7,1,8643,4091,12734,parcial,0.0397200000,USD,importe_comunicado_no_factura
SV-ECO-20261008-225,2026-10-08,grok-4.7,1,19332,8665,27997,parcial,0.0889260000,USD,importe_comunicado_no_factura
SV-ECO-20261008-226,2026-10-08,grok-4.7,1,21034,11097,32131,parcial,0.1069220000,USD,importe_comunicado_no_factura
SV-ECO-20261008-227,2026-10-08,grok-4.7,1,23417,10476,33893,parcial,0.1075780000,USD,importe_comunicado_no_factura
SV-ECO-20261008-228,2026-10-08,grok-4.7,1,4767,3503,8270,parcial,0.0284400000,USD,importe_comunicado_no_factura
SV-ECO-20261008-229,2026-10-08,grok-4.7,1,6080,3158,9238,parcial,0.0289960000,USD,importe_comunicado_no_factura
SV-ECO-20261008-230,2026-10-08,grok-4.7,1,7455,2042,9497,parcial,0.0254340000,USD,importe_comunicado_no_factura
SV-ECO-20261008-231,2026-10-08,grok-4.7,1,3109,2741,5850,parcial,0.0209360000,USD,importe_comunicado_no_factura
SV-ECO-20261008-232,2026-10-08,grok-4.7,1,4326,2943,7269,parcial,0.0245820000,USD,importe_comunicado_no_factura
SV-ECO-20261008-233,2026-10-08,grok-4.7,1,5546,1652,7198,parcial,0.0192760000,USD,importe_comunicado_no_factura
SV-ECO-20261008-234,2026-10-08,grok-4.7,1,21546,7779,29325,parcial,0.0880380000,USD,importe_comunicado_no_factura
SV-ECO-20261008-235,2026-10-08,grok-4.7,1,25217,12247,37464,parcial,0.1221880000,USD,importe_comunicado_no_factura
SV-ECO-20261008-236,2026-10-08,qwen3.8-max-0902,1,369,63,432,pendiente,,USD,no_comunicado
SV-ECO-20261008-237,2026-10-08,qwen3.8-max-0902,1,4349,1029,5378,pendiente,,USD,no_comunicado
SV-ECO-20261008-238,2026-10-08,qwen3.8-max-0902,1,6331,2614,8945,pendiente,,USD,no_comunicado
SV-ECO-20261008-239,2026-10-08,qwen3.8-max-0902,1,8537,3068,11605,pendiente,,USD,no_comunicado
SV-ECO-20261008-240,2026-10-08,qwen3.8-max-0902,1,4345,987,5332,pendiente,,USD,no_comunicado
SV-ECO-20261008-241,2026-10-08,qwen3.8-max-0902,1,6167,2026,8193,pendiente,,USD,no_comunicado
SV-ECO-20261008-242,2026-10-08,qwen3.8-max-0902,1,8305,2074,10379,pendiente,,USD,no_comunicado
SV-ECO-20261008-243,2026-10-08,qwen3.8-max-0902,1,1639,608,2247,pendiente,,USD,no_comunicado
SV-ECO-20261008-244,2026-10-08,qwen3.8-max-0902,1,3298,1106,4404,pendiente,,USD,no_comunicado
SV-ECO-20261008-245,2026-10-08,qwen3.8-max-0902,1,5091,1099,6190,pendiente,,USD,no_comunicado
SV-ECO-20261008-246,2026-10-08,qwen3.8-max-0902,1,19449,1143,20592,pendiente,,USD,no_comunicado
SV-ECO-20261008-247,2026-10-08,qwen3.8-max-0902,1,21336,1999,23335,pendiente,,USD,no_comunicado
SV-ECO-20261008-248,2026-10-08,qwen3.8-max-0902,1,23383,1617,25000,pendiente,,USD,no_comunicado
SV-ECO-20261008-249,2026-10-08,qwen3.8-max-0902,1,4339,589,4928,pendiente,,USD,no_comunicado
SV-ECO-20261008-250,2026-10-08,qwen3.8-max-0902,1,5981,1289,7270,pendiente,,USD,no_comunicado
SV-ECO-20261008-251,2026-10-08,qwen3.8-max-0902,1,7791,1403,9194,pendiente,,USD,no_comunicado
SV-ECO-20261008-252,2026-10-08,qwen3.8-max-0902,1,4359,688,5047,pendiente,,USD,no_comunicado
SV-ECO-20261008-253,2026-10-08,qwen3.8-max-0902,1,6057,1726,7783,pendiente,,USD,no_comunicado
SV-ECO-20261008-254,2026-10-08,qwen3.8-max-0902,1,8033,1840,9873,pendiente,,USD,no_comunicado
SV-ECO-20261008-255,2026-10-08,qwen3.8-max-0902,1,4362,944,5306,pendiente,,USD,no_comunicado
SV-ECO-20261008-256,2026-10-08,qwen3.8-max-0902,1,6127,2643,8770,pendiente,,USD,no_comunicado
SV-ECO-20261008-257,2026-10-08,qwen3.8-max-0902,1,8161,2057,10218,pendiente,,USD,no_comunicado
SV-ECO-20261008-258,2026-10-08,qwen3.8-max-0902,1,19443,1396,20839,pendiente,,USD,no_comunicado
SV-ECO-20261008-259,2026-10-08,qwen3.8-max-0902,1,21169,2076,23245,pendiente,,USD,no_comunicado
SV-ECO-20261008-260,2026-10-08,qwen3.8-max-0902,1,23110,2322,25432,pendiente,,USD,no_comunicado
SV-ECO-20261008-261,2026-10-08,qwen3.8-max-0902,1,19453,1189,20642,pendiente,,USD,no_comunicado
SV-ECO-20261008-262,2026-10-08,qwen3.8-max-0902,1,21200,1937,23137,pendiente,,USD,no_comunicado
SV-ECO-20261008-263,2026-10-08,qwen3.8-max-0902,1,23075,1442,24517,pendiente,,USD,no_comunicado
SV-ECO-20261008-264,2026-10-08,qwen3.8-max-0902,1,4350,836,5186,pendiente,,USD,no_comunicado
SV-ECO-20261008-265,2026-10-08,qwen3.8-max-0902,1,6098,1667,7765,pendiente,,USD,no_comunicado
SV-ECO-20261008-266,2026-10-08,qwen3.8-max-0902,1,8152,1832,9984,pendiente,,USD,no_comunicado
SV-ECO-20261008-267,2026-10-08,qwen3.8-max-0902,1,19458,1250,20708,pendiente,,USD,no_comunicado
SV-ECO-20261008-268,2026-10-08,qwen3.8-max-0902,1,21369,2033,23402,pendiente,,USD,no_comunicado
SV-ECO-20261008-269,2026-10-08,qwen3.8-max-0902,1,23498,1691,25189,pendiente,,USD,no_comunicado
SV-ECO-20261008-270,2026-10-08,qwen3.8-max-0902,1,4371,850,5221,pendiente,,USD,no_comunicado
SV-ECO-20261008-271,2026-10-08,qwen3.8-max-0902,1,6166,1571,7737,pendiente,,USD,no_comunicado
SV-ECO-20261008-272,2026-10-08,qwen3.8-max-0902,1,8129,1799,9928,pendiente,,USD,no_comunicado
SV-ECO-20261008-273,2026-10-08,qwen3.8-max-0902,1,19465,1485,20950,pendiente,,USD,no_comunicado
SV-ECO-20261008-274,2026-10-08,qwen3.8-max-0902,1,21386,3111,24497,pendiente,,USD,no_comunicado
SV-ECO-20261008-275,2026-10-08,qwen3.8-max-0902,1,23437,2377,25814,pendiente,,USD,no_comunicado
SV-ECO-20261008-276,2026-10-08,qwen3.8-max-0902,1,19452,1019,20471,pendiente,,USD,no_comunicado
SV-ECO-20261008-277,2026-10-08,qwen3.8-max-0902,1,21323,2010,23333,pendiente,,USD,no_comunicado
SV-ECO-20261008-278,2026-10-08,qwen3.8-max-0902,1,23569,2494,26063,pendiente,,USD,no_comunicado
SV-ECO-20261008-279,2026-10-08,qwen3.8-max-0902,1,4352,982,5334,pendiente,,USD,no_comunicado
SV-ECO-20261008-280,2026-10-08,qwen3.8-max-0902,1,6131,1817,7948,pendiente,,USD,no_comunicado
SV-ECO-20261008-281,2026-10-08,qwen3.8-max-0902,1,8012,1676,9688,pendiente,,USD,no_comunicado
SV-ECO-20261008-282,2026-10-08,qwen3.8-max-0902,1,19463,1274,20737,pendiente,,USD,no_comunicado
SV-ECO-20261008-283,2026-10-08,qwen3.8-max-0902,1,21386,2211,23597,pendiente,,USD,no_comunicado
SV-ECO-20261008-284,2026-10-08,qwen3.8-max-0902,1,23656,2909,26565,pendiente,,USD,no_comunicado
SV-ECO-20261008-285,2026-10-08,qwen3.8-max-0902,1,19538,3392,22930,pendiente,,USD,no_comunicado
SV-ECO-20261008-286,2026-10-08,qwen3.8-max-0902,1,21402,3288,24690,pendiente,,USD,no_comunicado
SV-ECO-20261008-287,2026-10-08,qwen3.8-max-0902,1,23407,3992,27399,pendiente,,USD,no_comunicado
SV-ECO-20261008-288,2026-10-08,glm-5.3,1,20177,8192,28369,pendiente,,USD,no_comunicado
SV-ECO-20261008-289,2026-10-08,glm-5.3,1,20177,1828,22005,pendiente,,USD,no_comunicado
SV-ECO-20261008-290,2026-10-08,glm-5.3,1,23248,2972,26220,pendiente,,USD,no_comunicado
SV-ECO-20261008-291,2026-10-08,glm-5.3,1,27037,2443,29480,pendiente,,USD,no_comunicado
SV-ECO-20261008-292,2026-10-08,glm-5.3,1,20183,1404,21587,pendiente,,USD,no_comunicado
SV-ECO-20261008-293,2026-10-08,glm-5.3,1,22972,3321,26293,pendiente,,USD,no_comunicado
SV-ECO-20261008-294,2026-10-08,glm-5.3,1,26719,2785,29504,pendiente,,USD,no_comunicado
SV-ECO-20261008-295,2026-10-08,glm-5.3,1,20203,1051,21254,pendiente,,USD,no_comunicado
SV-ECO-20261008-296,2026-10-08,glm-5.3,1,22506,1974,24480,pendiente,,USD,no_comunicado
SV-ECO-20261008-297,2026-10-08,glm-5.3,1,25520,1539,27059,pendiente,,USD,no_comunicado
SV-ECO-20261008-298,2026-10-08,glm-5.3,1,20190,1939,22129,pendiente,,USD,no_comunicado
SV-ECO-20261008-299,2026-10-08,glm-5.3,1,23030,2574,25604,pendiente,,USD,no_comunicado
SV-ECO-20261008-300,2026-10-08,glm-5.3,1,26556,2260,28816,pendiente,,USD,no_comunicado
SV-ECO-20261008-301,2026-10-08,glm-5.3,1,20212,1640,21852,pendiente,,USD,no_comunicado
SV-ECO-20261008-302,2026-10-08,glm-5.3,1,22982,2852,25834,pendiente,,USD,no_comunicado
SV-ECO-20261008-303,2026-10-08,glm-5.3,1,26498,2241,28739,pendiente,,USD,no_comunicado
SV-ECO-20261008-304,2026-10-08,glm-5.3,1,20183,605,20788,pendiente,,USD,no_comunicado
SV-ECO-20261008-305,2026-10-08,glm-5.3,1,22135,1045,23180,pendiente,,USD,no_comunicado
SV-ECO-20261008-306,2026-10-08,glm-5.3,1,24376,1025,25401,pendiente,,USD,no_comunicado
SV-ECO-20261008-307,2026-10-08,glm-5.3,1,20196,1428,21624,pendiente,,USD,no_comunicado
SV-ECO-20261008-308,2026-10-08,glm-5.3,1,22885,2770,25655,pendiente,,USD,no_comunicado
SV-ECO-20261008-309,2026-10-08,glm-5.3,1,26298,2444,28742,pendiente,,USD,no_comunicado
SV-ECO-20261008-310,2026-10-08,glm-5.3,1,20185,1864,22049,pendiente,,USD,no_comunicado
SV-ECO-20261008-311,2026-10-08,glm-5.3,1,22873,2637,25510,pendiente,,USD,no_comunicado
SV-ECO-20261008-312,2026-10-08,glm-5.3,1,26118,1854,27972,pendiente,,USD,no_comunicado
SV-ECO-20261008-313,2026-10-08,glm-5.3,1,20210,1640,21850,pendiente,,USD,no_comunicado
SV-ECO-20261008-314,2026-10-08,glm-5.3,1,22731,1782,24513,pendiente,,USD,no_comunicado
SV-ECO-20261008-315,2026-10-08,glm-5.3,1,25709,2379,28088,pendiente,,USD,no_comunicado
SV-ECO-20261008-316,2026-10-08,glm-5.3,1,21807,2084,23891,pendiente,,USD,no_comunicado
SV-ECO-20261008-317,2026-10-08,glm-5.3,1,24702,2538,27240,pendiente,,USD,no_comunicado
SV-ECO-20261008-318,2026-10-08,glm-5.3,1,28282,2332,30614,pendiente,,USD,no_comunicado
SV-ECO-20261008-319,2026-10-08,glm-5.3,1,21798,2929,24727,pendiente,,USD,no_comunicado
SV-ECO-20261008-320,2026-10-08,glm-5.3,1,25286,3338,28624,pendiente,,USD,no_comunicado
SV-ECO-20261008-321,2026-10-08,glm-5.3,1,29584,3563,33147,pendiente,,USD,no_comunicado
SV-ECO-20261008-322,2026-10-08,glm-5.3,1,21799,2082,23881,pendiente,,USD,no_comunicado
SV-ECO-20261008-323,2026-10-08,glm-5.3,1,24733,4120,28853,pendiente,,USD,no_comunicado
SV-ECO-20261008-324,2026-10-08,glm-5.3,1,28078,2560,30638,pendiente,,USD,no_comunicado
SV-ECO-20261008-325,2026-10-08,glm-5.3,1,21786,3539,25325,pendiente,,USD,no_comunicado
SV-ECO-20261008-326,2026-10-08,glm-5.3,1,25889,4657,30546,pendiente,,USD,no_comunicado
SV-ECO-20261008-327,2026-10-08,glm-5.3,1,30961,4138,35099,pendiente,,USD,no_comunicado
SV-ECO-20261008-328,2026-10-08,glm-5.3,1,21785,2771,24556,pendiente,,USD,no_comunicado
SV-ECO-20261008-329,2026-10-08,glm-5.3,1,24929,2756,27685,pendiente,,USD,no_comunicado
SV-ECO-20261008-330,2026-10-08,glm-5.3,1,28745,2773,31518,pendiente,,USD,no_comunicado
SV-ECO-20261008-331,2026-10-08,glm-5.3,1,21800,2877,24677,pendiente,,USD,no_comunicado
SV-ECO-20261008-332,2026-10-08,glm-5.3,1,25640,4089,29729,pendiente,,USD,no_comunicado
SV-ECO-20261008-333,2026-10-08,glm-5.3,1,30199,3400,33599,pendiente,,USD,no_comunicado
SV-ECO-20261008-334,2026-10-08,glm-5.3,1,21811,3200,25011,pendiente,,USD,no_comunicado
SV-ECO-20261008-335,2026-10-08,glm-5.3,1,25417,3429,28846,pendiente,,USD,no_comunicado
SV-ECO-20261008-336,2026-10-08,glm-5.3,1,29569,2560,32129,pendiente,,USD,no_comunicado
SV-ECO-20261008-337,2026-10-08,glm-5.3,1,21795,3901,25696,pendiente,,USD,no_comunicado
SV-ECO-20261008-338,2026-10-08,glm-5.3,1,26072,5594,31666,pendiente,,USD,no_comunicado
SV-ECO-20261008-339,2026-10-08,glm-5.3,1,31443,4591,36034,pendiente,,USD,no_comunicado
SV-ECO-20261008-340,2026-10-08,glm-5.3,1,21794,2752,24546,pendiente,,USD,no_comunicado
SV-ECO-20261008-341,2026-10-08,glm-5.3,1,24941,3765,28706,pendiente,,USD,no_comunicado
SV-ECO-20261008-342,2026-10-08,glm-5.3,1,29234,3296,32530,pendiente,,USD,no_comunicado
SV-ECO-20261008-343,2026-10-08,glm-5.3,1,21816,1936,23752,pendiente,,USD,no_comunicado
SV-ECO-20261008-344,2026-10-08,glm-5.3,1,24574,2450,27024,pendiente,,USD,no_comunicado
SV-ECO-20261008-345,2026-10-08,glm-5.3,1,28006,2423,30429,pendiente,,USD,no_comunicado
SV-ECO-20261008-346,2026-10-08,glm-5.3,1,21810,2082,23892,pendiente,,USD,no_comunicado
SV-ECO-20261008-347,2026-10-08,glm-5.3,1,24939,2683,27622,pendiente,,USD,no_comunicado
SV-ECO-20261008-348,2026-10-08,glm-5.3,1,28441,2341,30782,pendiente,,USD,no_comunicado
SV-ECO-20261008-349,2026-10-08,glm-5.3,1,21803,3728,25531,pendiente,,USD,no_comunicado
SV-ECO-20261008-350,2026-10-08,glm-5.3,1,25900,5258,31158,pendiente,,USD,no_comunicado
SV-ECO-20261008-351,2026-10-08,glm-5.3,1,30922,3554,34476,pendiente,,USD,no_comunicado
SV-ECO-20261008-352,2026-10-08,glm-5.3,1,21914,3142,25056,pendiente,,USD,no_comunicado
SV-ECO-20261008-353,2026-10-08,glm-5.3,1,25973,5327,31300,pendiente,,USD,no_comunicado
SV-ECO-20261008-354,2026-10-08,glm-5.3,1,30855,4016,34871,pendiente,,USD,no_comunicado
SV-ECO-20261008-355,2026-10-08,glm-5.3,1,21788,1796,23584,pendiente,,USD,no_comunicado
SV-ECO-20261008-356,2026-10-08,glm-5.3,1,24923,2863,27786,pendiente,,USD,no_comunicado
SV-ECO-20261008-357,2026-10-08,glm-5.3,1,28756,2593,31349,pendiente,,USD,no_comunicado
SV-ECO-20261008-358,2026-10-08,glm-5.3,1,21788,3471,25259,pendiente,,USD,no_comunicado
SV-ECO-20261008-359,2026-10-08,glm-5.3,1,25247,3990,29237,pendiente,,USD,no_comunicado
SV-ECO-20261008-360,2026-10-08,glm-5.3,1,29695,3134,32829,pendiente,,USD,no_comunicado
SV-ECO-20261008-361,2026-10-08,glm-5.3,1,21811,2766,24577,pendiente,,USD,no_comunicado
SV-ECO-20261008-362,2026-10-08,glm-5.3,1,25520,5616,31136,pendiente,,USD,no_comunicado
SV-ECO-20261008-363,2026-10-08,glm-5.3,1,29951,3141,33092,pendiente,,USD,no_comunicado
