id_publico,caso,etapa,entrada_total,entrada_cache,entrada_sin_cache,salida_total,razonamiento_incluido,salida_menos_razonamiento,total,coste_entrada_sin_cache_usd,coste_lectura_cache_usd,coste_salida_usd,coste_estimado_usd,cargo_liquidado_usd,fecha_solicitud_utc,duracion_operacion_ms,primer_texto_ms,primer_evento_ms
SV-ECO-20261008-316,C01,R0,21807,64,21743,2084,644,1440,23891,0.03044020,0.00001664,0.00916960,0.03962644,,2026-10-08T16:58:31.4050000+00:00,32011,14486,3725
SV-ECO-20261008-317,C01,R1,24702,0,24702,2538,415,2123,27240,0.03458280,0.00000000,0.01116720,0.04575000,,2026-10-08T16:59:04.7280000+00:00,47657,11716,3956
SV-ECO-20261008-318,C01,R2,28282,0,28282,2332,68,2264,30614,0.03959480,0.00000000,0.01026080,0.04985560,,2026-10-08T16:59:54.5860000+00:00,26888,4545,4354
SV-ECO-20261008-319,C02,R0,21798,1280,20518,2929,896,2033,24727,0.02872520,0.00033280,0.01288760,0.04194560,,2026-10-08T17:00:22.8840000+00:00,41908,14971,3406
SV-ECO-20261008-320,C02,R1,25286,64,25222,3338,497,2841,28624,0.03531080,0.00001664,0.01468720,0.05001464,,2026-10-08T17:01:06.1360000+00:00,51896,10591,3755
SV-ECO-20261008-321,C02,R2,29584,1344,28240,3563,423,3140,33147,0.03953600,0.00034944,0.01567720,0.05556264,,2026-10-08T17:01:59.3690000+00:00,35317,6796,3353
SV-ECO-20261008-322,C03,R0,21799,1280,20519,2082,603,1479,23881,0.02872660,0.00033280,0.00916080,0.03822020,,2026-10-08T17:02:35.9960000+00:00,30721,10775,3246
SV-ECO-20261008-323,C03,R1,24733,1344,23389,4120,2232,1888,28853,0.03274460,0.00034944,0.01812800,0.05122204,,2026-10-08T17:03:08.0300000+00:00,65411,40165,3260
SV-ECO-20261008-324,C03,R2,28078,1344,26734,2560,376,2184,30638,0.03742760,0.00034944,0.01126400,0.04904104,,2026-10-08T17:04:14.7860000+00:00,29886,7313,4424
SV-ECO-20261008-325,C04,R0,21786,1280,20506,3539,891,2648,25325,0.02870840,0.00033280,0.01557160,0.04461280,,2026-10-08T17:04:45.9850000+00:00,46712,15889,4373
SV-ECO-20261008-326,C04,R1,25889,1344,24545,4657,1042,3615,30546,0.03436300,0.00034944,0.02049080,0.05520324,,2026-10-08T17:05:34.2310000+00:00,85917,26487,6651
SV-ECO-20261008-327,C04,R2,30961,1344,29617,4138,431,3707,35099,0.04146380,0.00034944,0.01820720,0.06002044,,2026-10-08T17:07:01.4910000+00:00,37168,7731,4831
SV-ECO-20261008-328,C05,R0,21785,1280,20505,2771,1082,1689,24556,0.02870700,0.00033280,0.01219240,0.04123220,,2026-10-08T17:07:39.9720000+00:00,38113,18117,4237
SV-ECO-20261008-329,C05,R1,24929,1344,23585,2756,397,2359,27685,0.03301900,0.00034944,0.01212640,0.04549484,,2026-10-08T17:08:19.4060000+00:00,61276,17154,5364
SV-ECO-20261008-330,C05,R2,28745,0,28745,2773,454,2319,31518,0.04024300,0.00000000,0.01220120,0.05244420,,2026-10-08T17:09:22.0330000+00:00,32808,8649,3605
SV-ECO-20261008-331,C06,R0,21800,1280,20520,2877,492,2385,24677,0.02872800,0.00033280,0.01265880,0.04171960,,2026-10-08T17:09:56.1930000+00:00,42384,9489,3737
SV-ECO-20261008-332,C06,R1,25640,1344,24296,4089,987,3102,29729,0.03401440,0.00034944,0.01799160,0.05235544,,2026-10-08T17:10:39.9110000+00:00,59789,21087,4144
SV-ECO-20261008-333,C06,R2,30199,1344,28855,3400,159,3241,33599,0.04039700,0.00034944,0.01496000,0.05570644,,2026-10-08T17:11:41.0510000+00:00,36305,8829,6712
SV-ECO-20261008-334,C07,R0,21811,1280,20531,3200,1049,2151,25011,0.02874340,0.00033280,0.01408000,0.04315620,,2026-10-08T17:12:18.6570000+00:00,42062,16502,3259
SV-ECO-20261008-335,C07,R1,25417,1344,24073,3429,734,2695,28846,0.03370220,0.00034944,0.01508760,0.04913924,,2026-10-08T17:13:02.4200000+00:00,76555,22992,6382
SV-ECO-20261008-336,C07,R2,29569,1344,28225,2560,26,2534,32129,0.03951500,0.00034944,0.01126400,0.05112844,,2026-10-08T17:14:20.5680000+00:00,32421,4962,4955
SV-ECO-20261008-337,C08,R0,21795,1280,20515,3901,1079,2822,25696,0.02872100,0.00033280,0.01716440,0.04621820,,2026-10-08T17:14:54.4410000+00:00,49317,15989,3116
SV-ECO-20261008-338,C08,R1,26072,1344,24728,5594,1680,3914,31666,0.03461920,0.00034944,0.02461360,0.05958224,,2026-10-08T17:15:45.2270000+00:00,115482,40457,3972
SV-ECO-20261008-339,C08,R2,31443,1344,30099,4591,580,4011,36034,0.04213860,0.00034944,0.02020040,0.06268844,,2026-10-08T17:17:42.2640000+00:00,44110,8308,4137
SV-ECO-20261008-340,C09,R0,21794,1280,20514,2752,1060,1692,24546,0.02871960,0.00033280,0.01210880,0.04116120,,2026-10-08T17:18:27.8030000+00:00,37351,16407,2916
SV-ECO-20261008-341,C09,R1,24941,1344,23597,3765,929,2836,28706,0.03303580,0.00034944,0.01656600,0.04995124,,2026-10-08T17:19:06.6500000+00:00,86007,25228,4511
SV-ECO-20261008-342,C09,R2,29234,0,29234,3296,487,2809,32530,0.04092760,0.00000000,0.01450240,0.05543000,,2026-10-08T17:20:34.1440000+00:00,74066,18420,9645
SV-ECO-20261008-343,C10,R0,21816,1280,20536,1936,633,1303,23752,0.02875040,0.00033280,0.00851840,0.03760160,,2026-10-08T17:21:49.5830000+00:00,25996,9310,3052
SV-ECO-20261008-344,C10,R1,24574,1344,23230,2450,475,1975,27024,0.03252200,0.00034944,0.01078000,0.04365144,,2026-10-08T17:22:16.9060000+00:00,56208,14184,4111
SV-ECO-20261008-345,C10,R2,28006,1344,26662,2423,274,2149,30429,0.03732680,0.00034944,0.01066120,0.04833744,,2026-10-08T17:23:14.6660000+00:00,30529,6022,3818
SV-ECO-20261008-346,C11,R0,21810,1280,20530,2082,408,1674,23892,0.02874200,0.00033280,0.00916080,0.03823560,,2026-10-08T17:23:46.6260000+00:00,26275,8336,3262
SV-ECO-20261008-347,C11,R1,24939,0,24939,2683,638,2045,27622,0.03491460,0.00000000,0.01180520,0.04671980,,2026-10-08T17:24:14.5320000+00:00,28243,10226,3265
SV-ECO-20261008-348,C11,R2,28441,1344,27097,2341,282,2059,30782,0.03793580,0.00034944,0.01030040,0.04858564,,2026-10-08T17:24:44.3310000+00:00,31050,8236,4793
SV-ECO-20261008-349,C12,R0,21803,1280,20523,3728,1086,2642,25531,0.02873220,0.00033280,0.01640320,0.04546820,,2026-10-08T17:25:16.7050000+00:00,49250,17094,3752
SV-ECO-20261008-350,C12,R1,25900,1344,24556,5258,1693,3565,31158,0.03437840,0.00034944,0.02313520,0.05786304,,2026-10-08T17:26:07.5240000+00:00,112952,43199,4196
SV-ECO-20261008-351,C12,R2,30922,1344,29578,3554,22,3532,34476,0.04140920,0.00034944,0.01563760,0.05739624,,2026-10-08T17:28:01.8220000+00:00,41468,3894,3892
SV-ECO-20261008-352,C13,R0,21914,1280,20634,3142,538,2604,25056,0.02888760,0.00033280,0.01382480,0.04304520,,2026-10-08T17:28:44.5980000+00:00,37019,10964,3716
SV-ECO-20261008-353,C13,R1,25973,1344,24629,5327,1902,3425,31300,0.03448060,0.00034944,0.02343880,0.05826884,,2026-10-08T17:29:22.9670000+00:00,108723,48229,4218
SV-ECO-20261008-354,C13,R2,30855,1344,29511,4016,638,3378,34871,0.04131540,0.00034944,0.01767040,0.05933524,,2026-10-08T17:31:13.0490000+00:00,74375,16546,6033
SV-ECO-20261008-355,C14,R0,21788,1280,20508,1796,116,1680,23584,0.02871120,0.00033280,0.00790240,0.03694640,,2026-10-08T17:32:28.8460000+00:00,22402,3993,3159
SV-ECO-20261008-356,C14,R1,24923,1344,23579,2863,487,2376,27786,0.03301060,0.00034944,0.01259720,0.04595724,,2026-10-08T17:32:52.7100000+00:00,33673,12278,8328
SV-ECO-20261008-357,C14,R2,28756,1344,27412,2593,28,2565,31349,0.03837680,0.00034944,0.01140920,0.05013544,,2026-10-08T17:33:27.8960000+00:00,33016,3709,3702
SV-ECO-20261008-358,C15,R0,21788,1280,20508,3471,1467,2004,25259,0.02871120,0.00033280,0.01527240,0.04431640,,2026-10-08T17:34:02.4190000+00:00,49265,24860,3611
SV-ECO-20261008-359,C15,R1,25247,0,25247,3990,999,2991,29237,0.03534580,0.00000000,0.01755600,0.05290180,,2026-10-08T17:34:53.1750000+00:00,49349,16995,3436
SV-ECO-20261008-360,C15,R2,29695,1344,28351,3134,109,3025,32829,0.03969140,0.00034944,0.01378960,0.05383044,,2026-10-08T17:35:44.0110000+00:00,38748,5102,4309
SV-ECO-20261008-361,C16,R0,21811,1280,20531,2766,512,2254,24577,0.02874340,0.00033280,0.01217040,0.04124660,,2026-10-08T17:36:24.4720000+00:00,33941,9055,3239
SV-ECO-20261008-362,C16,R1,25520,1344,24176,5616,2642,2974,31136,0.03384640,0.00034944,0.02471040,0.05890624,,2026-10-08T17:36:59.8770000+00:00,113582,57988,4796
SV-ECO-20261008-363,C16,R2,29951,1344,28607,3141,37,3104,33092,0.04004980,0.00034944,0.01382040,0.05421964,,2026-10-08T17:38:54.9870000+00:00,36702,3701,3694
