fase	segundo_monitor	rss_grupo_kib	disco_bytes	libres_bytes	evidencia_bytes
aprovisionamiento	0	20716	75390976	92342857728	8192
aprovisionamiento	1	112184	181329920	92237008896	12288
aprovisionamiento	2	142904	238305280	92180135936	12288
aprovisionamiento	3	142904	347504640	92070940672	12288
aprovisionamiento	4	142904	405184512	92013133824	12288
aprovisionamiento	5	13156	820736000	91589853184	12288
aprovisionamiento	6	54868	937783296	91480731648	12288
aprovisionamiento	7	46712	1043046400	91375415296	12288
aprovisionamiento	8	128632	1126490112	91291951104	12288
aprovisionamiento	9	10868	1300029440	91118481408	12288
aprovisionamiento	10	21788	1352658944	91065782272	12288
aprovisionamiento	11	79468	1422139392	90996154368	12288
aprovisionamiento	12	31348	1554497536	90864013312	12288
aprovisionamiento	13	29644	1554612224	90863898624	16384
aprovisionamiento	14	56596	1569755136	90848755712	16384
aprovisionamiento	15	112864	1669300224	90743250944	20480
aprovisionamiento	17	19480	1745657856	90672852992	20480
aprovisionamiento	18	20496	1746247680	90672263168	20480
aprovisionamiento	19	20744	1792753664	90625757184	20480
aprovisionamiento	20	20744	1854713856	90563768320	20480
aprovisionamiento	21	20744	1953280000	90465120256	20480
aprovisionamiento	22	20744	2007347200	90410729472	20480
aprovisionamiento	23	20744	2058272768	90360238080	20480
aprovisionamiento	24	20744	2120163328	90298216448	20480
aprovisionamiento	25	20656	2142367744	90276130816	20480
compilacion	0	167692	2154946560	90263494656	24576
compilacion	1	515920	2167914496	90250530816	28672
compilacion	2	789552	2172125184	90246320128	28672
compilacion	3	543476	2195501056	90222587904	28672
compilacion	4	356724	2210701312	90207678464	28672
compilacion	5	660120	2212442112	90204545024	28672
compilacion	6	377092	2252906496	90165297152	28672
compilacion	7	343408	2264596480	90153758720	28672
compilacion	8	548816	2271367168	90144505856	28672
compilacion	10	423052	2281238528	90137055232	28672
compilacion	11	405104	2297458688	90120986624	28672
compilacion	12	603536	2304339968	90113646592	28672
compilacion	13	470344	2315014144	90103365632	28672
compilacion	14	706040	2321666048	90096111616	28672
compilacion	15	344356	2356441088	90062004224	28672
compilacion	16	668320	2363408384	90055036928	28672
compilacion	17	630920	2363408384	90055036928	28672
compilacion	18	563856	2365419520	90052993024	28672
compilacion	19	579972	2369482752	90048962560	28672
compilacion	20	497616	2375237632	90043142144	28672
compilacion	21	535540	2387697664	90030743552	28672
compilacion	22	677496	2391035904	90027163648	28672
compilacion	23	654464	2398564352	90019880960	28672
compilacion	24	535372	2406420480	90012024832	28672
compilacion	25	629264	2411540480	90006904832	28672
compilacion	26	599620	2421346304	89996902400	28672
compilacion	27	586240	2423332864	89995112448	28672
compilacion	29	543168	2430492672	89987948544	28672
compilacion	30	565960	2431442944	89986969600	28672
compilacion	31	403800	2437808128	89980637184	28672
compilacion	32	221232	2454867968	89963515904	28672
compilacion	33	444748	2462769152	89953775616	28672
compilacion	34	326920	2469036032	89949364224	28672
compilacion	35	517836	2475339776	89942806528	28672
compilacion	36	415356	2479755264	89938690048	28672
compilacion	37	508208	2481684480	89936760832	28672
compilacion	38	548160	2482921472	89935523840	28672
compilacion	39	494464	2483994624	89934376960	28672
compilacion	40	330188	2485338112	89933017088	28672
compilacion	41	574944	2490695680	89927749632	28672
compilacion	42	643852	2490949632	89927495680	28672
compilacion	43	793888	2500087808	89918357504	28672
compilacion	44	807696	2503446528	89914998784	28672
compilacion	45	782372	2504151040	89914294272	28672
compilacion	46	770340	2505322496	89912725504	28672
compilacion	48	759216	2509381632	89909063680	28672
compilacion	49	875716	2510897152	89907548160	32768
compilacion	50	918456	2522202112	89896243200	32768
compilacion	51	1031800	2522202112	89896243200	32768
compilacion	52	1136736	2526990336	89891454976	32768
compilacion	53	1170268	2527506432	89890938880	32768
compilacion	54	1219000	2528104448	89890340864	32768
compilacion	55	1238112	2528468992	89889976320	32768
compilacion	56	1239156	2528940032	89889505280	32768
compilacion	57	1240312	2529439744	89889005568	32768
compilacion	58	1247484	2529726464	89888718848	32768
compilacion	59	1251732	2530213888	89887842304	32768
compilacion	60	1195044	2530607104	89887838208	32768
compilacion	61	1217408	2531278848	89887166464	32768
compilacion	62	1213060	2531774464	89886670848	32768
compilacion	63	1218796	2532089856	89886355456	32768
compilacion	64	1187056	2532528128	89885917184	32768
compilacion	66	1200676	2532769792	89885675520	32768
compilacion	67	954964	2540556288	89877889024	32768
compilacion	68	882688	2546937856	89871491072	32768
compilacion	69	1107352	2548117504	89870327808	32768
compilacion	70	1117012	2548117504	89870327808	32768
compilacion	71	1113736	2548117504	89870327808	32768
compilacion	72	1009124	2548117504	89870327808	32768
compilacion	73	1006388	2548895744	89869316096	32768
compilacion	74	1015836	2549215232	89869205504	32768
compilacion	75	866028	2549841920	89868574720	32768
compilacion	76	875472	2550214656	89868206080	32768
compilacion	77	878500	2550607872	89867812864	32768
compilacion	78	844316	2553257984	89865162752	32768
compilacion	79	802352	2553618432	89864802304	32768
compilacion	80	901332	2556350464	89862070272	32768
compilacion	81	904380	2556350464	89862070272	32768
compilacion	82	845800	2556481536	89861783552	32768
compilacion	84	865804	2556948480	89861316608	32768
compilacion	85	871792	2557501440	89860747264	32768
compilacion	86	916952	2559852544	89858396160	32768
compilacion	87	870028	2560004096	89858244608	32768
compilacion	88	861368	2560491520	89857757184	32768
compilacion	89	1108452	2561204224	89857044480	32768
compilacion	90	1284160	2561204224	89857044480	32768
compilacion	91	1340432	2561204224	89857044480	32768
compilacion	92	1390304	2563059712	89855188992	32768
compilacion	93	1480412	2563059712	89855188992	32768
compilacion	94	1516348	2563805184	89854443520	32768
compilacion	95	1617564	2563805184	89854443520	32768
compilacion	96	1717096	2564333568	89853915136	32768
compilacion	97	1763876	2564333568	89853915136	32768
compilacion	98	1826560	2568593408	89849196544	32768
compilacion	99	1851256	2581962752	89836285952	32768
compilacion	100	1977148	2584432640	89833816064	32768
compilacion	102	1982584	2584432640	89833816064	32768
compilacion	103	1975204	2584432640	89833811968	32768
compilacion	104	1978176	2586103808	89832140800	32768
compilacion	105	1926688	2586550272	89831694336	32768
compilacion	106	1916436	2586550272	89831694336	32768
compilacion	107	1911804	2587598848	89830645760	32768
compilacion	108	1912940	2588352512	89829892096	32768
compilacion	109	1902060	2589184000	89829060608	32768
compilacion	110	1896076	2589188096	89829056512	36864
compilacion	111	1921280	2589716480	89828528128	36864
compilacion	112	1934452	2589716480	89828528128	36864
compilacion	113	1886932	2590437376	89827807232	36864
compilacion	114	1910148	2590867456	89827377152	36864
compilacion	115	1909676	2591272960	89826971648	36864
compilacion	116	1922020	2591608832	89826635776	36864
compilacion	117	1943900	2592047104	89826197504	36864
compilacion	118	1940196	2592047104	89826197504	36864
compilacion	120	1923164	2592452608	89825792000	36864
compilacion	121	1442736	2599723008	89818521600	36864
compilacion	122	1459724	2599723008	89818521600	36864
compilacion	123	1469648	2599723008	89818521600	36864
compilacion	124	1171672	2599723008	89818521600	36864
compilacion	125	1209940	2599723008	89818521600	36864
compilacion	126	1219384	2599723008	89818521600	36864
compilacion	127	1191836	2602225664	89816018944	36864
compilacion	128	1206992	2602225664	89815257088	36864
compilacion	129	1220848	2602987520	89815257088	36864
compilacion	130	1219748	2604126208	89814118400	36864
compilacion	131	1220000	2605137920	89813106688	36864
compilacion	132	1230000	2605137920	89812074496	36864
compilacion	133	1227840	2606170112	89811091456	36864
compilacion	134	1232580	2607222784	89811091456	36864
compilacion	135	1228700	2608201728	89810112512	36864
compilacion	136	1228812	2609221632	89809092608	36864
compilacion	138	1227540	2610274304	89808039936	36864
compilacion	139	1230252	2610274304	89808039936	36864
compilacion	140	1229368	2611290112	89807024128	36864
compilacion	141	1220292	2612183040	89806131200	36864
compilacion	142	1208868	2613190656	89805123584	36864
compilacion	143	1217464	2614243328	89804070912	36864
compilacion	144	1180136	2615144448	89803169792	36864
compilacion	145	386380	2637815808	89780457472	36864
compilacion	146	461472	2637856768	89780457472	36864
compilacion	147	310960	2637856768	89780457472	36864
compilacion	148	341364	2638303232	89780011008	36864
compilacion	149	336472	2639831040	89778483200	36864
compilacion	150	327692	2641100800	89777213440	36864
compilacion	151	364560	2643861504	89774391296	36864
inferencia-1-on	1	418464	2656829440	89761304576	57344
inferencia-1-on	2	1535952	2656833536	89761300480	61440
inferencia-1-on	3	1543556	2656833536	89761300480	61440
inferencia-1-on	4	1554700	2656833536	89761300480	61440
inferencia-1-on	5	1565940	2656833536	89761300480	61440
inferencia-1-on	6	1578124	2656833536	89761300480	61440
inferencia-1-on	7	1590472	2656833536	89761300480	61440
inferencia-1-on	8	1603680	2656833536	89761300480	61440
inferencia-1-on	9	1603992	2656833536	89761300480	61440
inferencia-1-on	10	1604304	2656833536	89761300480	61440
inferencia-1-on	11	1610664	2656833536	89761300480	61440
inferencia-1-on	12	1610664	2656833536	89761300480	61440
inferencia-1-on	13	1610664	2656833536	89761300480	61440
inferencia-2-on	0	418108	2656841728	89761292288	69632
inferencia-2-on	1	1537596	2656845824	89761288192	73728
inferencia-2-on	2	1545200	2656845824	89761288192	73728
inferencia-2-on	4	1556344	2656845824	89761288192	73728
inferencia-2-on	5	1567008	2656845824	89761288192	73728
inferencia-2-on	6	1578356	2656845824	89761288192	73728
inferencia-2-on	7	1590364	2656845824	89761288192	73728
inferencia-2-on	8	1603576	2656845824	89761288192	73728
inferencia-2-on	9	1603888	2656845824	89761288192	73728
inferencia-2-on	10	1604224	2656845824	89761288192	73728
inferencia-2-on	11	1610560	2656845824	89761288192	73728
inferencia-2-on	12	1610560	2656845824	89761288192	73728
inferencia-2-on	13	1610560	2656845824	89761288192	73728
inferencia-3-off	0	412748	2656854016	89761263616	81920
inferencia-3-off	1	1537280	2656858112	89761259520	86016
inferencia-3-off	2	1547344	2656858112	89761259520	86016
inferencia-3-off	3	1558512	2656858112	89761259520	86016
inferencia-3-off	4	1567500	2656858112	89761259520	86016
inferencia-3-off	6	1578824	2656858112	89761259520	86016
inferencia-3-off	7	1589876	2656858112	89761259520	86016
inferencia-3-off	8	1603084	2656858112	89761259520	86016
inferencia-3-off	9	1603396	2656858112	89761259520	86016
inferencia-3-off	10	1603732	2656858112	89761259520	86016
inferencia-3-off	11	1610068	2656858112	89761259520	86016
inferencia-3-off	12	1610068	2656858112	89761259520	86016
inferencia-3-off	13	1610068	2656858112	89761259520	86016
inferencia-4-off	0	417612	2656862208	89761239040	90112
inferencia-4-off	1	1536808	2656866304	89761234944	94208
inferencia-4-off	2	1547668	2656866304	89761234944	94208
inferencia-4-off	3	1558840	2656866304	89761234944	94208
inferencia-4-off	4	1567832	2656866304	89761234944	94208
inferencia-4-off	5	1579152	2656866304	89761234944	94208
inferencia-4-off	6	1593452	2656866304	89761234944	94208
inferencia-4-off	7	1603432	2656866304	89761234944	94208
inferencia-4-off	9	1603768	2656866304	89761234944	94208
inferencia-4-off	10	1604080	2656866304	89761234944	94208
inferencia-4-off	11	1610392	2656866304	89761234944	94208
inferencia-4-off	12	1610392	2656866304	89761234944	94208
inferencia-4-off	13	1610392	2656866304	89761234944	94208
inferencia-5-on	0	422920	2656870400	89761230848	98304
inferencia-5-on	1	1537812	2656874496	89761226752	102400
inferencia-5-on	2	1545416	2656874496	89761226752	102400
inferencia-5-on	3	1557584	2656874496	89761226752	102400
inferencia-5-on	4	1567024	2656874496	89761222656	102400
inferencia-5-on	5	1578348	2656874496	89761222656	102400
inferencia-5-on	6	1593608	2656874496	89761222656	102400
inferencia-5-on	7	1603524	2656874496	89761222656	102400
inferencia-5-on	8	1603836	2656874496	89761222656	102400
inferencia-5-on	9	1604148	2656874496	89761222656	102400
inferencia-5-on	10	1610484	2656874496	89761222656	102400
inferencia-5-on	12	1610484	2656874496	89761222656	102400
inferencia-5-on	13	1610484	2656874496	89761222656	102400
inferencia-6-on	0	422244	2656882688	89761198080	110592
inferencia-6-on	1	1535812	2656886784	89761193984	114688
inferencia-6-on	2	1543408	2656886784	89761193984	114688
inferencia-6-on	3	1556964	2656886784	89761193984	114688
inferencia-6-on	4	1566964	2656886784	89761193984	114688
inferencia-6-on	5	1578312	2656886784	89761193984	114688
inferencia-6-on	6	1593576	2656886784	89761193984	114688
inferencia-6-on	7	1603532	2656886784	89761193984	114688
inferencia-6-on	8	1603868	2656886784	89761193984	114688
inferencia-6-on	9	1604180	2656886784	89761193984	114688
inferencia-6-on	10	1610516	2656886784	89761193984	114688
inferencia-6-on	11	1610516	2656886784	89761193984	114688
inferencia-6-on	12	1610516	2656886784	89761193984	114688
inferencia-7-off	1	420032	2656894976	89761169408	122880
inferencia-7-off	2	1536096	2656899072	89761165312	126976
inferencia-7-off	3	1546764	2656899072	89761165312	126976
inferencia-7-off	4	1557932	2656899072	89761165312	126976
inferencia-7-off	5	1566920	2656899072	89761165312	126976
inferencia-7-off	6	1578240	2656899072	89761165312	126976
inferencia-7-off	7	1589288	2656899072	89761165312	126976
inferencia-7-off	8	1602500	2656899072	89761165312	126976
inferencia-7-off	9	1602812	2656899072	89761165312	126976
inferencia-7-off	10	1603148	2656899072	89761165312	126976
inferencia-7-off	11	1609484	2656899072	89761165312	126976
inferencia-7-off	12	1609484	2656899072	89761165312	126976
inferencia-7-off	13	1609484	2656899072	89761165312	126976
compilacion-wasm	1	262268	2658127872	89759776768	143360
compilacion-wasm	2	561360	2682785792	89735245824	147456
compilacion-wasm	3	776732	2690723840	89727307776	147456
compilacion-wasm	4	881844	2712715264	89704087552	147456
compilacion-wasm	5	260468	2740518912	89677512704	147456
