ruta	bytes_utf8	sha256
laboratorio/ensayo-ia-y-observabilidad/pruebas/estado-acceso.json	301	38d955bc4406122fb7887a47f21f1ddfec64588e1828c4a8da172806eca7d0b7
laboratorio/ensayo-ia-y-observabilidad/resultados/json-01/JOB_106040396115.txt	68169	be2d7ece815c8b73cc05ddf1f3ba807905c66ddbae5e88ef2160ff2eb61e828f
laboratorio/ensayo-ia-y-observabilidad/resultados/json-01/salidas/aprovisionamiento-json.stdout.txt	2566	c2064fd89a849204ad04f58856e7838f7afb39f07bf28c43d07b8428eeb33ca8
laboratorio/ensayo-ia-y-observabilidad/resultados/json-01/salidas/aprovisionamiento-json.stderr.txt	5483	d19276d1ab1069ddf37f8028e6867767f77961a4b73d1ca1685d90cb13efa889
laboratorio/ensayo-ia-y-observabilidad/resultados/json-01/salidas/aprovisionamiento-json.medidas.tsv	557	b68ca800312ee921787a3de022b55feb84c29fa2a72905b18f71b1f039826b7a
laboratorio/ensayo-ia-y-observabilidad/resultados/json-01/salidas/compilacion-json.stdout.txt	0	e3b0c44298fc1c149afbf4c8996fb92427ae41e4649b934ca495991b7852b855
laboratorio/ensayo-ia-y-observabilidad/resultados/json-01/salidas/compilacion-json.stderr.txt	2392	32e23b9c3dc2d525c27c7c28a36463c49a67543ce5594c93e1e59e741ef44f7f
laboratorio/ensayo-ia-y-observabilidad/resultados/json-01/salidas/compilacion-json.medidas.tsv	576	bfbfaa0196d27f54dc4b640c6404dcbc5111b1f5d048765e33133bd5656c97ea
laboratorio/ensayo-ia-y-observabilidad/resultados/json-01/salidas/regresion-json.stdout.txt	20321	efd93c66ee8cf5c9d2af32930c08d7820b8a6dc4535e9c33fa18500a5f556702
laboratorio/ensayo-ia-y-observabilidad/resultados/json-01/salidas/regresion-json.stderr.txt	0	e3b0c44298fc1c149afbf4c8996fb92427ae41e4649b934ca495991b7852b855
laboratorio/ensayo-ia-y-observabilidad/resultados/json-01/salidas/regresion-json.medidas.tsv	0	e3b0c44298fc1c149afbf4c8996fb92427ae41e4649b934ca495991b7852b855
laboratorio/ensayo-ia-y-observabilidad/resultados/json-01/salidas/banco-json.stdout.txt	3619	dec9f9bb00717cee3ba59a3ab686b38c8a5d1532d6965ff20fda7e82e83d181d
laboratorio/ensayo-ia-y-observabilidad/resultados/json-01/salidas/banco-json.stderr.txt	604	9816ffc607756a7d6f46f3b3baaec94dd006de0b936991f45d64e5ac91910363
laboratorio/ensayo-ia-y-observabilidad/resultados/json-01/salidas/banco-json.medidas.tsv	0	e3b0c44298fc1c149afbf4c8996fb92427ae41e4649b934ca495991b7852b855
laboratorio/ensayo-ia-y-observabilidad/resultados/json-01/RUN.json	1766	b9fd7d4c39ac6ff3618458bd9a67113fc10530e8efe64e9fba1c2471eb1641f1
laboratorio/ensayo-ia-y-observabilidad/resultados/json-01/FASES.tsv	198	6140437f27e08f7461badc9ae3309e9f8cc97d8e42c01e57f93d94faf9edf945
laboratorio/ensayo-ia-y-observabilidad/resultados/json-01/CONTROLES.jsonl	23799	c8630354356374ad06a8bd308151684a687930eb1762a85f965ea3593923cee3
laboratorio/ensayo-ia-y-observabilidad/resultados/json-01/RECUPERACION.json	1990	e16f4ed975e126e8880f2bc0c34ebe0c9d526f279d526228a4b21a530095195c
laboratorio/ensayo-ia-y-observabilidad/resultados/json-01/RESULTADO.md	6430	c795758f5d7cf06f49f495e2227d7e0beb56bc2c1cebb559d18762a0e295f8b3
