sha256	bytes	ruta
46a6e784b6688fd96847a8a7abd4900fa868598d1f8e2121713fdeaeb5bffb17	3043	FUENTE.txt
45dfc29d996e77250e0b4dc17dd043f4211c5faf5cd789184c282a1d699e02e1	7013	METODOLOGIA.md
5b311c0df7723a0aa71c8549d9a709a38f42ae73ff5b148dc2bc7fec144c2b8f	2522	RESULTADOS.json
b557b4995921536ddf8ee79370b7c129a8a0e26bb447b428175a81b6ef2cb23a	7577	RESULTADOS.md
e71fab2bed0046fa1a0ccd93d4b09f6a829135ab74d3aae6d49ad2f0728f0a7b	1419	observaciones/A-01.txt
82f17f60b5f033fa42756e4cf9137279ccb93e5e6f9d54873ed3e79393de2692	1364	observaciones/A-02.txt
f97d2d221fea747420b984e1c683ba90ac9720b02b2ac59d7c6829e31565e805	4258	observaciones/A-03.txt
073b233c5932895a9bf1b890fd63e41e7173bcd7f3423cc26c674c73f1930555	4665	readme.md
630d762c3a156090a10d8c4c5520bff0892ec466c7af002e9b52f533002f7af7	1328	registros/A.json
5abc1970fa651d1495dd4897aa54524b41e80a599e610f79fc0f99e2f24989d8	4585	registros/B.json
29dd6051197df610ea34a22b68718ffb15cd67c82c9ba2d3e861a8c6d2ae49c9	4200	registros/C.json
a9fd903a574a8f786eb03488353f3c61ce45960fa390cf70298c8a2abe3d7a9a	9614	respuestas/A.txt
b3fc5bf53d456a52eeae7c82942ab1b393195a7926aceae554dde5c24b38909c	8264	respuestas/B.txt
49cfbd27d9ac6fb850afb85a3d730949db158d08ad81ae0a799a8b368b8d7e7a	10619	respuestas/C.txt
