ruta	bytes	sha256
.github/workflows/ensayo-ia-observabilidad.yml	2688	a67a682c0788fd66766115a7ba2364753e93e4fd404890c19756d3b74ddc39de
laboratorio/ensayo-ia-y-observabilidad/inferencia/main.rs	2093	526543341ae44913fdd0b9f5b8dd1ca3c1f8ad6ef8b45f5ecfb32e592e99e98d
laboratorio/ensayo-ia-y-observabilidad/pruebas/banco.rs	3184	d05403ac664cfb1bba9223e502ab44a226a3885ab951960aee93c89a428aba84
laboratorio/ensayo-ia-y-observabilidad/pruebas/costes.rs	2398	b0d611083f2a2a408c01c7f2594aee613f2a3a88d72cb6291defad0f9214502c
laboratorio/ensayo-ia-y-observabilidad/pruebas/estado-acceso.json	224	6bf71f267132162aaf5f338ac521e40ae1414362379fbb6a06233724212def6f
laboratorio/ensayo-ia-y-observabilidad/pruebas/lib.rs	4177	d5d75524a0ecb3e8f27f6d2da347eb82b9505b330bdedf228e1d556963d423f3
laboratorio/ensayo-ia-y-observabilidad/pruebas/preparar.sh	3009	92f71552682159c7fbbedcec5495ee6d1b81b9f82e3fdbf568b44b68e64ddb6c
laboratorio/ensayo-ia-y-observabilidad/pruebas/vigilar.sh	2699	27a88e8ea613ca04767416eaf77069f3c56b554bf5b4196712701afd7919a676
laboratorio/ensayo-ia-y-observabilidad/resultados/ejecucion-03/PRECOMPROMISO_PREPARACION.md	5377	f2e9d205ead2e5b22553c86d95c2d1fbbe7675897dfcc3d54113839bb445b167
