area,prueba,gpt_oss_120b,qwen35_122b_a10b,diferencia_puntos_qwen_menos_gpt,fuente
"Conocimiento","MMLU-Pro","80.8","86.7","5.9","https://huggingface.co/Qwen/Qwen3.5-122B-A10B/blob/dc4d348443bc740c68e2d77492492c11606384d5/README.md"
"Conocimiento","MMLU-Redux","91.0","94.0","3","https://huggingface.co/Qwen/Qwen3.5-122B-A10B/blob/dc4d348443bc740c68e2d77492492c11606384d5/README.md"
"Conocimiento","C-Eval","76.2","91.9","15.7","https://huggingface.co/Qwen/Qwen3.5-122B-A10B/blob/dc4d348443bc740c68e2d77492492c11606384d5/README.md"
"Conocimiento","SuperGPQA","54.6","67.1","12.5","https://huggingface.co/Qwen/Qwen3.5-122B-A10B/blob/dc4d348443bc740c68e2d77492492c11606384d5/README.md"
"Instrucciones","IFEval","88.9","93.4","4.5","https://huggingface.co/Qwen/Qwen3.5-122B-A10B/blob/dc4d348443bc740c68e2d77492492c11606384d5/README.md"
"Instrucciones","IFBench","69.0","76.1","7.1","https://huggingface.co/Qwen/Qwen3.5-122B-A10B/blob/dc4d348443bc740c68e2d77492492c11606384d5/README.md"
"Instrucciones múltiples","MultiChallenge","45.3","61.5","16.2","https://huggingface.co/Qwen/Qwen3.5-122B-A10B/blob/dc4d348443bc740c68e2d77492492c11606384d5/README.md"
"Contexto extenso","AA-LCR","50.7","66.9","16.2","https://huggingface.co/Qwen/Qwen3.5-122B-A10B/blob/dc4d348443bc740c68e2d77492492c11606384d5/README.md"
"Contexto extenso","LongBench v2","48.2","60.2","12","https://huggingface.co/Qwen/Qwen3.5-122B-A10B/blob/dc4d348443bc740c68e2d77492492c11606384d5/README.md"
"Razonamiento científico","GPQA Diamond","80.1","86.6","6.5","https://huggingface.co/Qwen/Qwen3.5-122B-A10B/blob/dc4d348443bc740c68e2d77492492c11606384d5/README.md"
"Resolución de incidencias","SWE-bench Verified","62.0","72.0","10","https://huggingface.co/Qwen/Qwen3.5-122B-A10B/blob/dc4d348443bc740c68e2d77492492c11606384d5/README.md"
"Programación","LiveCodeBench v6","82.7","78.9","-3.8","https://huggingface.co/Qwen/Qwen3.5-122B-A10B/blob/dc4d348443bc740c68e2d77492492c11606384d5/README.md"
